{
  "client_id": 1223,
  "snapshot_date": "2019-10-31",
  "estimated_monthly_income": 15790.833333333334,
  "last_inflow_amount": 23.16,
  "days_since_last_inflow": 4.0,
  "credit_score": 717.0,
  "total_spend_30d": 366.0,
  "total_spend_90d": 1395.0,
  "transaction_count_30d": 4,
  "transaction_count_90d": 10,
  "avg_txn_amount_30d": 91.5,
  "avg_txn_amount_90d": 139.5,
  "max_txn_amount_90d": 468.0,
  "txn_amount_median_90d": 89.0,
  "spend_volatility_30d": 14.874474780643517,
  "spend_volatility_90d": 117.09419285344597,
  "spend_to_income_ratio_30d": 0.023178004116312205,
  "spend_to_income_ratio_90d": 0.02944746424613436,
  "avg_txn_over_income_ratio_90d": 0.008834239273840307,
  "txn_count_30d_norm": 0.13333333333333333,
  "current_txn_amount": -120.5,
  "current_txn_mcc": 5499
}